movie_id,genre_id
1,10
2,8
3,10
3,6
3,7
4,8
4,7
5,6
5,8
6,5
6,7
7,3
8,4
8,5
9,2
9,6
9,12
10,9
10,12
11,11
11,2
11,5
12,2
13,2
14,1
14,9
15,6
16,11
17,5
17,12
18,11
18,5
18,4
19,10
19,3
19,9
20,1
20,5
21,6
21,7
22,10
22,11
23,8
24,9
24,3
24,7
25,4
26,12
26,4
26,8
27,9
28,9
28,8
28,11
29,2
29,6
30,7
31,7
31,4
31,8
32,9
32,1
33,3
33,10
34,5
35,1
35,8
35,6
36,4
36,7
37,11
37,7
38,9
38,5
38,6
39,1
39,10
39,12
40,3
41,10
41,11
42,10
42,12
42,7
43,4
43,7
44,9
45,4
45,8
46,6
47,8
47,11
47,5
48,3
49,11
50,3
50,1
50,10
51,1
51,3
52,2
53,5
53,4
54,5
55,9
55,2
55,8
56,6
57,1
57,3
57,6
58,7
58,3
59,3
60,7
60,8
60,2
61,4
61,3
62,5
63,12
63,11
64,3
64,10
65,5
65,10
65,4
66,12
66,11
66,8
67,4
67,1
68,8
69,7
70,4
70,9
70,6
71,8
71,12
71,11
72,1
72,2
72,5
73,8
73,6
73,5
74,10
74,3
75,4
75,3
76,12
76,7
76,8
77,11
77,3
78,10
78,2
78,7
79,1
79,4
79,3
80,11
80,9
81,11
81,2
82,12
82,4
82,8
83,9
83,2
84,2
84,12
85,6
85,7
85,8
86,5
87,9
88,8
89,2
90,12
90,11
90,8
91,6
91,7
92,7
93,1
94,2
94,3
95,11
95,8
96,8
96,2
97,9
98,4
98,8
98,3
99,5
99,3
100,1
101,2
101,3
101,5
102,9
103,7
103,3
103,2
104,1
104,11
104,5
105,8
106,3
106,4
107,1
107,11
107,9
108,8
109,1
109,11
109,9
110,11
110,12
110,2
111,12
111,5
112,1
112,10
113,1
114,4
114,12
115,4
115,12
116,1
117,1
117,12
118,4
118,11
119,2
119,4
119,12
120,3
120,12
120,1
121,9
121,2
122,6
122,9
123,4
123,10
123,12
124,7
124,12
124,2
125,4
126,6
127,3
127,1
128,11
128,6
129,7
130,8
131,2
132,5
132,11
132,10
133,1
133,2
134,7
135,10
135,8
136,12
137,10
137,3
137,5
138,10
139,11
139,7
140,12
140,3
140,6
141,11
142,6
142,11
142,8
143,6
144,10
145,8
145,7
145,9
146,12
146,4
146,9
147,12
147,1
147,4
148,10
149,5
150,12
151,4
151,10
152,1
153,6
154,5
154,4
155,7
156,11
157,4
158,10
158,8
158,6
159,5
160,11
160,1
161,7
161,11
161,5
162,4
163,6
163,12
163,4
164,9
165,11
166,11
167,12
167,4
167,10
168,9
168,6
169,8
170,1
170,2
170,8
171,4
172,11
173,4
174,2
175,10
176,4
176,12
176,9
177,7
178,8
178,5
178,3
179,4
179,12
179,7
180,10
181,5
182,10
182,8
183,4
183,5
183,8
184,6
185,7
185,3
186,8
186,7
187,10
187,7
187,3
188,1
188,7
189,2
189,5
190,9
190,3
190,12
191,3
191,5
191,7
192,5
192,8
193,7
193,9
194,8
194,2
194,6
195,12
196,4
196,3
197,1
198,9
199,12
199,6
199,8
200,7
200,12
201,6
201,7
201,8
202,11
202,10
203,7
204,2
205,10
205,3
206,7
207,12
207,6
208,12
208,8
208,6
209,1
209,11
209,7
210,12
210,4
211,8
212,6
213,12
213,11
213,1
214,11
214,12
214,3
215,10
215,8
216,3
216,5
216,4
217,10
217,11
217,3
218,2
219,11
220,7
220,12
220,10
221,9
222,7
223,7
224,12
224,5
225,9
225,11
225,7
226,5
226,7
226,2
227,11
228,6
228,3
228,5
229,4
229,7
229,5
230,3
231,1
231,2
232,12
233,9
233,7
234,5
234,7
234,3
235,6
236,12
237,4
238,3
238,9
239,8
240,4
240,3
240,12
241,12
242,4
243,7
243,8
244,10
244,2
244,3
245,5
246,7
247,5
248,6
249,10
250,8
251,11
251,2
252,1
253,1
253,11
254,1
254,2
254,4
255,1
255,7
255,10
256,5
256,8
256,11
257,10
257,7
258,6
258,11
259,6
259,4
260,11
260,7
261,10
261,1
262,6
262,2
263,8
264,7
264,3
264,1
265,2
265,9
265,5
266,4
266,6
266,8
267,11
267,12
267,8
268,7
268,11
268,4
269,11
270,1
270,11
271,1
271,6
272,8
272,4
272,10
273,7
273,10
274,6
275,8
275,11
276,2
276,7
276,5
277,4
277,3
277,9
278,12
278,9
278,1
279,8
280,5
281,9
281,8
281,3
282,2
282,8
283,9
283,4
283,11
284,3
285,12
285,2
285,11
286,12
286,1
287,6
288,5
288,4
289,5
289,11
289,8
290,2
290,11
290,3
291,11
291,8
291,2
292,6
292,4
292,10
293,2
293,11
293,6
294,12
294,7
295,11
295,9
295,7
296,4
297,2
297,5
298,2
299,6
300,10
300,4
300,2
301,6
301,3
301,12
302,10
302,1
303,1
303,10
304,4
304,7
304,11
305,6
305,11
306,9
307,10
307,12
307,4
308,7
309,9
310,6
310,3
311,4
311,8
312,8
312,3
312,10
313,3
313,11
314,1
314,10
314,6
315,9
315,2
316,12
316,10
317,11
317,4
318,5
318,7
319,6
320,12
321,12
322,12
323,1
323,3
323,8
324,7
324,5
324,3
325,9
326,6
326,7
327,8
327,6
327,7
328,2
328,9
329,5
329,12
329,4
330,9
330,7
330,2
331,6
332,1
332,5
332,8
333,3
333,10
333,12
334,12
334,8
335,3
335,4
336,12
337,12
338,1
338,6
338,10
339,11
340,7
341,11
341,3
342,2
343,8
343,3
344,2
345,11
345,6
345,10
346,3
346,11
347,7
347,4
347,1
348,4
349,8
349,5
350,10
350,3
350,7
351,11
351,12
351,2
352,11
352,7
353,11
353,12
354,6
354,1
355,2
356,2
357,11
357,12
358,4
358,1
358,10
359,10
359,8
359,5
360,12
360,2
360,10
361,7
362,11
362,7
363,10
363,3
364,6
365,12
366,3
366,7
366,1
367,9
367,12
368,8
368,2
368,9
369,9
369,11
369,2
370,11
371,3
372,12
372,3
372,1
373,8
373,6
373,2
374,3
375,4
375,11
375,3
376,9
377,1
377,2
378,9
379,6
379,9
380,7
381,1
381,4
381,5
382,9
383,11
383,9
384,3
384,10
385,12
385,6
386,6
386,10
386,9
387,4
387,2
387,1
388,1
389,3
390,4
390,3
391,9
391,4
391,10
392,5
392,3
393,10
393,7
393,2
394,5
394,12
394,7
395,3
395,7
395,8
396,5
397,7
397,3
397,9
398,2
399,12
399,5
399,4
400,6
400,10
400,9
401,3
401,7
401,12
402,7
402,12
403,10
404,2
405,2
405,9
406,11
407,7
407,2
407,6
408,2
408,6
408,11
409,3
409,4
410,1
410,2
411,4
411,7
412,2
413,9
414,5
414,10
414,8
415,9
416,12
416,10
417,9
417,5
418,2
418,1
418,3
419,7
419,3
420,12
420,11
421,9
421,10
421,7
422,10
422,3
423,1
423,11
424,12
424,3
424,11
425,7
426,12
426,5
426,1
427,11
427,6
427,4
428,10
428,7
428,8
429,8
430,8
430,9
431,5
431,7
432,12
432,4
432,5
433,2
433,5
433,7
434,2
434,11
435,2
436,4
436,2
436,3
437,1
437,2
437,5
438,8
438,1
438,7
439,9
439,3
439,8
440,9
440,11
441,9
441,2
441,7
442,10
443,12
444,12
445,12
445,9
446,6
446,4
446,9
447,10
447,1
447,12
448,3
448,11
449,4
449,3
449,2
450,3
450,9
451,1
451,7
452,7
452,3
453,2
453,6
454,4
454,9
454,2
455,5
455,8
456,5
456,4
457,12
458,10
458,7
458,4
459,11
459,9
460,8
461,8
461,1
461,6
462,10
463,6
463,5
464,2
464,1
465,12
465,3
466,6
466,1
467,7
468,4
468,2
469,9
469,3
469,7
470,8
471,3
472,5
472,4
472,8
473,6
473,5
474,7
474,3
475,5
475,2
475,8
476,8
476,3
476,11
477,12
477,7
478,6
479,4
479,2
479,12
480,1
480,3
481,7
481,6
482,3
483,4
483,8
483,5
484,7
485,9
485,8
486,12
486,3
486,6
487,9
487,7
488,2
489,1
490,3
491,9
491,1
492,4
492,1
492,6
493,10
493,1
494,8
494,5
495,8
495,2
496,4
496,10
497,12
498,3
498,4
498,5
499,5
500,4
500,11
500,7
501,8
502,2
502,9
502,10
503,4
504,11
504,12
504,3
505,2
506,7
507,5
508,3
509,1
509,10
510,2
511,7
512,9
512,5
513,11
513,4
513,12
514,7
514,8
515,9
516,11
516,1
517,2
517,5
518,5
518,6
519,7
519,4
519,6
520,3
521,1
522,11
523,6
523,4
523,5
524,5
524,10
525,7
526,5
527,6
527,12
528,2
528,12
529,1
529,11
529,9
530,6
531,12
531,6
532,10
532,9
532,12
533,4
533,11
534,4
534,10
535,2
535,12
536,11
537,10
537,2
537,1
538,11
538,4
538,12
539,8
539,2
539,11
540,10
540,6
540,5
541,8
541,4
541,9
542,3
542,1
542,12
543,7
544,12
544,5
544,9
545,6
545,8
546,12
546,2
546,7
547,8
548,9
548,12
549,3
550,5
550,3
550,12
551,10
552,12
553,12
554,8
554,11
555,9
555,2
555,3
556,9
556,7
557,7
557,12
557,10
558,4
558,3
559,3
560,4
560,10
560,1
561,8
561,9
561,11
562,5
562,4
563,12
563,5
564,2
564,3
564,4
565,9
566,5
567,11
568,5
569,5
570,11
571,4
572,2
572,1
572,6
573,10
573,6
573,11
574,12
575,5
575,3
575,7
576,5
576,6
576,1
577,1
577,6
577,4
578,5
578,3
578,12
579,9
580,10
580,2
580,7
581,5
581,11
581,10
582,4
582,8
582,12
583,5
583,4
584,11
584,7
584,3
585,4
585,7
586,3
586,8
587,8
588,8
589,3
590,10
591,12
591,3
592,5
592,1
592,12
593,3
594,11
594,10
595,2
596,2
597,4
597,8
598,7
598,2
598,9
599,12
600,10
601,7
602,1
602,2
603,11
604,3
605,2
606,3
606,11
607,1
607,12
607,2
608,12
608,6
608,2
609,3
610,10
610,8
611,5
612,8
612,3
613,1
614,12
614,5
614,9
615,1
616,2
617,5
617,2
617,9
618,3
618,1
619,1
620,7
621,3
621,6
622,5
622,4
622,7
623,12
623,2
623,8
624,2
625,2
626,6
626,2
627,6
627,2
627,12
628,1
629,3
629,12
629,7
630,6
630,10
630,3
631,7
631,3
631,5
632,5
632,6
632,2
633,8
633,11
634,5
634,2
635,3
636,3
636,6
636,12
637,8
637,12
638,2
639,7
639,5
639,3
640,6
641,3
642,6
642,12
643,7
643,8
644,7
644,10
644,6
645,11
646,7
647,9
647,8
648,9
648,8
648,12
649,4
649,7
649,2
650,12
650,7
650,9
651,12
651,4
651,2
652,6
653,4
654,6
655,8
655,3
655,2
656,6
657,3
657,5
658,3
658,9
659,4
659,12
660,1
661,3
661,2
661,12
662,12
662,1
663,7
663,6
663,1
664,2
664,11
664,10
665,8
666,3
666,1
666,12
667,3
667,2
668,2
669,10
670,3
670,12
671,12
671,3
672,9
672,5
672,8
673,12
673,6
674,11
674,1
675,2
675,3
676,11
677,10
678,9
679,1
680,7
680,11
681,9
681,5
682,9
682,5
682,4
683,3
683,5
684,9
685,3
685,4
686,10
686,1
687,7
688,12
689,10
689,2
689,8
690,6
690,11
691,7
691,12
691,3
692,6
693,7
693,4
693,5
694,2
695,6
696,6
696,1
696,4
697,3
697,9
698,2
699,10
700,5
701,9
702,11
703,4
704,2
704,10
705,1
705,10
705,8
706,1
707,2
707,5
708,6
709,7
709,9
710,6
711,12
711,6
712,12
713,2
713,6
713,7
714,9
714,2
714,12
715,1
716,7
716,8
716,10
717,5
718,3
719,8
719,2
719,11
720,4
720,12
720,3
721,3
721,9
721,11
722,10
722,11
722,9
723,8
723,3
724,5
724,6
725,7
725,1
725,12
726,4
727,10
727,2
727,3
728,11
728,8
728,2
729,3
730,9
730,2
731,2
731,8
732,3
732,5
733,2
734,10
734,6
735,2
735,12
736,12
737,5
737,8
738,8
738,11
739,2
740,8
740,1
740,6
741,7
741,12
742,11
742,3
742,8
743,9
743,10
744,6
744,2
745,7
745,9
745,8
746,11
746,1
747,11
747,1
747,4
748,9
748,1
748,3
749,5
750,3
750,10
751,2
751,4
752,8
752,11
753,6
754,8
754,11
755,8
755,2
755,11
756,12
757,7
758,4
758,7
759,2
759,6
760,10
760,8
761,12
762,8
762,2
762,5
763,1
763,9
764,8
765,11
766,6
767,1
767,10
767,7
768,6
769,8
769,4
770,4
771,11
772,5
772,12
773,3
773,2
773,12
774,5
775,2
775,5
776,8
776,7
776,9
777,11
778,3
778,1
779,7
780,5
780,3
781,6
782,8
782,12
783,12
783,3
783,7
784,12
784,10
785,1
785,9
786,4
786,2
786,10
787,3
787,6
787,11
788,3
789,3
789,8
790,2
790,11
791,5
791,9
792,1
792,8
792,3
793,8
793,11
793,10
794,1
795,12
796,7
797,9
797,3
797,10
798,4
798,6
799,4
800,10
800,1
800,6
801,1
801,5
802,9
802,2
803,8
803,11
803,12
804,7
804,6
805,9
805,7
806,6
806,2
806,3
807,7
807,6
808,9
809,3
809,9
809,7
810,5
810,11
811,11
811,7
811,5
812,10
812,2
812,11
813,2
814,1
814,10
814,7
815,8
816,10
816,9
816,2
817,8
817,9
817,10
818,11
819,7
819,4
820,8
821,7
821,2
821,4
822,2
822,6
823,7
823,11
824,12
824,7
824,1
825,4
825,9
826,5
826,11
827,5
827,7
828,4
828,1
828,7
829,1
830,3
831,9
831,10
832,6
832,3
833,7
833,4
833,9
834,4
834,10
835,7
835,1
835,10
836,3
836,11
837,12
837,3
838,6
838,9
839,7
840,2
841,3
841,9
841,2
842,10
842,7
842,5
843,3
843,6
843,4
844,2
845,7
846,11
847,3
847,1
847,10
848,9
848,2
848,10
849,1
849,3
850,11
850,12
851,3
851,4
852,4
852,5
852,12
853,4
853,7
853,5
854,1
854,5
854,2
855,11
856,11
857,2
857,12
857,8
858,2
858,12
858,3
859,5
859,3
860,2
861,6
861,4
862,2
862,8
863,7
864,8
865,2
865,4
865,7
866,6
866,11
867,3
867,12
868,1
868,3
869,10
869,11
869,12
870,2
871,6
871,8
872,10
872,9
872,1
873,9
874,5
874,2
874,4
875,1
875,9
875,12
876,9
876,3
876,4
877,2
877,4
878,6
879,4
880,12
881,3
881,5
881,11
882,4
882,2
883,12
883,9
884,5
884,8
884,11
885,9
885,7
886,5
887,4
888,12
888,5
888,7
889,10
890,5
890,3
890,4
891,8
891,7
891,12
892,10
892,5
893,10
893,2
894,7
894,12
894,4
895,6
895,12
895,2
896,3
896,1
897,5
897,10
897,7
898,10
898,11
899,6
899,7
899,1
900,3
901,7
901,3
902,4
902,2
903,11
904,6
904,3
905,2
905,1
906,12
906,1
907,6
907,4
907,8
908,6
908,4
908,9
909,7
910,10
910,4
911,4
911,2
911,9
912,12
912,10
913,2
913,10
913,7
914,7
914,6
914,11
915,4
916,8
917,1
917,5
918,2
918,12
919,3
919,10
920,10
920,7
921,10
922,5
923,11
924,1
924,8
924,5
925,7
926,9
927,1
927,6
927,12
928,8
929,7
930,5
930,12
930,6
931,7
931,2
932,6
932,8
932,10
933,7
934,12
934,8
935,11
935,2
936,10
936,2
937,4
938,1
939,2
940,12
940,7
941,3
942,4
943,6
943,9
943,1
944,1
944,5
944,12
945,1
946,2
946,5
947,12
947,10
948,5
948,3
949,10
950,2
950,3
951,3
951,10
952,11
952,8
953,2
953,9
953,11
954,10
955,11
955,8
956,6
956,8
957,2
958,5
958,2
959,9
959,4
960,11
960,4
960,2
961,8
962,4
963,11
964,8
965,4
965,8
966,6
967,10
968,9
968,6
968,5
969,8
969,11
969,3
970,2
970,3
970,4
971,7
971,8
972,9
972,4
972,7
973,2
974,7
974,3
975,5
975,10
975,2
976,8
977,12
978,4
979,8
980,5
981,8
982,9
982,8
982,6
983,2
983,9
984,6
985,4
985,3
986,9
986,7
987,6
987,1
987,8
988,6
988,2
989,11
990,12
990,7
991,5
992,7
993,10
994,9
994,10
995,9
995,7
996,11
997,11
998,2
999,2
1000,1
1001,5
1001,4
1001,2
1002,2
1002,5
1002,4
1003,12
1003,7
1003,11
1004,2
1004,4
1005,12
1005,5
1005,8
1006,3
1007,6
1008,5
1008,10
1008,12
1009,1
1009,2
1009,3
1010,12
1010,10
1010,8
1011,5
1011,4
1011,3
1012,11
1012,2
1013,3
1014,8
1014,3
1015,11
1016,7
1016,6
1017,3
1018,2
1018,3
1019,1
1019,10
1019,6
1020,10
1020,1
1021,4
1021,8
1022,1
1023,10
1024,5
1024,4
1024,9
1025,3
1025,12
1025,2
1026,5
1027,6
1027,8
1027,11
1028,6
1028,9
1028,5
1029,8
1029,5
1029,6
1030,1
1030,6
1031,12
1031,6
1032,11
1032,10
1032,8
1033,5
1034,9
1034,11
1034,1
1035,7
1036,11
1037,6
1038,1
1038,4
1039,12
1039,7
1039,6
1040,12
1041,4
1042,11
1042,2
1043,11
1043,12
1044,8
1044,9
1044,3
1045,11
1045,6
1046,7
1046,10
1047,5
1047,12
1048,1
1049,9
1049,6
1049,10
1050,7
1051,10
1051,6
1052,2
1052,1
1053,11
1053,3
1054,11
1054,3
1055,5
1055,10
1055,9
1056,3
1056,5
1056,8
1057,2
1057,5
1058,8
1059,4
1060,10
1060,2
1061,8
1062,1
1062,7
1063,11
1063,1
1064,5
1065,6
1066,9
1066,11
1067,3
1067,2
1067,5
1068,12
1069,7
1070,2
1070,5
1070,4
1071,8
1072,4
1072,11
1073,7
1073,12
1073,11
1074,5
1075,10
1075,5
1076,10
1077,11
1077,6
1078,3
1078,11
1078,4
1079,3
1079,7
1080,4
1080,5
1080,11
1081,5
1082,11
1082,8
1082,9
1083,7
1084,2
1084,3
1085,8
1085,6
1085,9
1086,12
1086,6
1086,8
1087,7
1087,8
1088,7
1088,8
1089,9
1090,7
1091,3
1092,5
1092,4
1092,10
1093,6
1093,3
1093,10
1094,10
1094,5
1094,1
1095,3
1095,7
1096,1
1096,8
1096,9
1097,1
1097,2
1098,5
1099,2
1099,6
1099,10
1100,5
1101,8
1101,6
1101,1
1102,12
1103,11
1103,9
1103,1
1104,4
1104,9
1104,3
1105,12
1105,8
1105,3
1106,11
1107,3
1107,5
1107,11
1108,1
1108,8
1108,10
1109,4
1109,2
1109,11
1110,3
1111,2
1111,9
1111,12
1112,4
1113,8
1114,9
1115,7
1115,1
1116,5
1117,8
1117,3
1118,9
1119,10
1119,11
1120,11
1120,10
1121,7
1122,11
1123,3
1124,12
1125,4
1125,3
1125,9
1126,12
1126,9
1126,4
1127,8
1127,5
1128,11
1128,2
1129,8
1129,6
1129,5
1130,7
1130,2
1131,7
1131,12
1132,1
1133,8
1133,2
1134,7
1134,1
1134,10
1135,1
1135,11
1136,11
1136,10
1136,8
1137,6
1138,8
1139,8
1139,5
1139,1
1140,6
1141,9
1141,4
1141,6
1142,9
1142,7
1142,12
1143,3
1144,3
1144,6
1144,10
1145,8
1145,3
1146,11
1146,5
1147,2
1147,11
1148,7
1148,8
1149,11
1149,3
1149,10
1150,9
1150,11
1150,12
1151,3
1151,6
1152,10
1152,6
1152,12
1153,7
1153,2
1153,1
1154,12
1155,4
1156,11
1157,8
1158,8
1158,6
1158,4
1159,4
1159,2
1159,3
1160,7
1160,12
1160,2
1161,10
1162,2
1162,1
1163,2
1163,8
1163,6
1164,11
1164,1
1164,3
1165,2
1165,8
1166,3
1166,11
1167,9
1167,4
1167,11
1168,8
1168,12
1169,5
1169,4
1169,11
1170,3
1170,7
1170,9
1171,2
1172,1
1172,11
1172,2
1173,1
1174,1
1175,7
1175,10
1176,2
1176,6
1176,3
1177,12
1177,11
1177,9
1178,4
1178,12
1179,8
1179,9
1179,6
1180,10
1180,9
1181,2
1182,7
1182,11
1183,2
1183,10
1184,3
1185,5
1185,2
1185,11
1186,4
1186,1
1187,9
1187,6
1187,1
1188,5
1189,7
1189,6
1190,3
1191,2
1191,9
1192,4
1192,9
1192,10
1193,5
1193,7
1193,10
1194,9
1195,2
1195,10
1195,8
1196,11
1196,1
1197,6
1198,5
1198,4
1199,1
1199,3
1200,9
1201,6
1201,11
1201,1
1202,8
1203,10
1204,12
1204,1
1204,6
1205,7
1206,12
1206,10
1206,2
1207,8
1207,3
1207,5
1208,1
1208,2
1208,12
1209,9
1209,4
1210,6
1210,7
1210,8
1211,4
1211,1
1212,1
1213,9
1214,7
1214,11
1214,1
1215,8
1215,1
1215,7
1216,12
1216,3
1217,12
1217,7
1218,3
1218,2
1218,8
1219,10
1220,6
1220,4
1221,7
1221,1
1222,4
1223,10
1224,4
1225,12
1225,9
1226,1
1226,12
1226,4
1227,2
1228,3
1229,3
1229,5
1230,6
1231,10
1231,11
1232,5
1233,10
1234,8
1234,11
1235,11
1236,2
1237,9
1237,4
1238,12
1238,6
1239,8
1240,5
1240,6
1240,9
1241,11
1241,4
1242,5
1242,6
1242,9
1243,2
1243,1
1243,6
1244,12
1244,10
1245,5
1245,2
1246,3
1247,4
1247,5
1247,9
1248,2
1249,12
1249,3
1250,4
1251,8
1251,11
1251,12
1252,1
1253,1
1253,5
1254,10
1254,7
1255,2
1255,1
1256,10
1256,7
1257,1
1257,7
1258,8
1258,1
1259,4
1260,3
1260,11
1261,9
1261,1
1262,5
1262,1
1262,9
1263,1
1263,10
1264,5
1264,10
1265,1
1266,12
1266,10
1267,7
1267,1
1268,9
1269,12
1269,11
1270,9
1270,8
1271,10
1271,12
1272,5
1272,3
1272,7
1273,12
1273,4
1274,1
1275,11
1275,5
1276,4
1277,5
1277,6
1277,10
1278,1
1278,10
1279,6
1279,5
1280,5
1280,11
1280,10
1281,2
1282,10
1282,11
1283,5
1283,3
1284,8
1284,1
1285,1
1285,8
1286,6
1287,11
1287,9
1288,7
1289,10
1290,5
1291,9
1291,6
1291,2
1292,3
1292,5
1293,5
1293,8
1294,4
1295,3
1295,12
1295,10
1296,1
1296,4
1296,2
1297,1
1297,3
1297,9
1298,10
1298,6
1299,9
1300,4
1300,1
1300,5
1301,1
1301,11
1302,9
1302,1
1303,4
1303,6
1303,2
1304,9
1305,2
1305,9
1306,4
1307,6
1308,6
1308,11
1308,7
1309,11
1310,5
1310,3
1311,6
1312,6
1312,12
1312,7
1313,6
1313,8
1313,5
1314,1
1314,3
1314,6
1315,5
1316,10
1317,2
1318,4
1318,6
1318,9
1319,12
1319,9
1319,10
1320,6
1320,4
1320,7
1321,1
1321,11
1321,3
1322,11
1322,2
1323,4
1324,9
1324,10
1324,12
1325,7
1325,9
1325,2
1326,1
1326,10
1326,8
1327,9
1327,12
1327,8
1328,5
1328,4
1329,5
1329,4
1329,6
1330,6
1331,8
1332,12
1332,2
1333,4
1333,8
1333,7
1334,2
1334,6
1335,9
1335,2
1335,6
1336,8
1336,10
1336,4
1337,7
1337,4
1338,3
1338,9
1338,4
1339,11
1339,10
1340,3
1340,10
1340,5
1341,6
1341,12
1342,2
1343,7
1343,9
1344,10
1345,11
1345,4
1346,8
1347,3
1348,7
1349,9
1349,8
1350,2
1350,3
1350,1
1351,1
1351,3
1352,3
1353,9
1353,7
1353,11
1354,3
1354,7
1355,9
1355,4
1355,5
1356,6
1357,10
1357,12
1358,2
1358,1
1358,12
1359,6
1359,8
1359,7
1360,8
1360,7
1360,5
1361,12
1361,3
1362,3
1362,10
1362,9
1363,3
1364,10
1365,6
1365,11
1365,8
1366,6
1366,8
1367,9
1368,10
1368,5
1368,2
1369,5
1370,6
1370,1
1371,9
1371,12
1371,10
1372,7
1372,5
1372,6
1373,6
1373,3
1374,1
1375,12
1375,4
1375,7
1376,5
1376,10
1376,11
1377,2
1377,6
1378,3
1378,2
1379,5
1379,8
1380,4
1380,3
1381,5
1381,10
1382,4
1383,5
1383,3
1383,2
1384,9
1385,3
1385,1
1385,10
1386,9
1387,4
1387,1
1387,8
1388,6
1389,5
1390,7
1390,8
1390,9
1391,8
1392,2
1392,12
1393,7
1393,8
1394,2
1394,3
1395,12
1395,11
1396,6
1397,12
1398,12
1399,6
1400,9
1401,5
1401,8
1402,12
1402,9
1402,2
1403,12
1403,6
1403,1
1404,2
1404,9
1405,4
1405,9
1406,11
1406,1
1406,12
1407,3
1408,7
1408,4
1408,11
1409,8
1409,3
1410,3
1410,8
1411,3
1411,4
1412,2
1412,9
1412,4
1413,7
1414,8
1415,10
1415,4
1415,3
1416,7
1417,5
1417,10
1417,7
1418,10
1418,4
1418,6
1419,9
1419,11
1420,5
1421,5
1422,8
1422,12
1422,7
1423,6
1423,9
1423,8
1424,2
1424,4
1425,5
1426,8
1426,6
1427,11
1428,2
1428,3
1429,6
1429,11
1430,6
1431,7
1431,3
1431,8
1432,10
1432,7
1433,4
1433,1
1433,5
1434,9
1434,4
1435,1
1435,9
1436,5
1436,11
1437,7
1437,12
1438,7
1438,12
1439,1
1439,5
1440,12
1440,4
1441,11
1441,1
1442,8
1442,7
1443,10
1444,9
1445,11
1446,10
1447,6
1447,3
1447,10
1448,1
1448,12
1448,7
1449,12
1450,6
1450,9
1451,11
1452,9
1453,6
1454,4
1454,3
1454,9
1455,12
1455,4
1456,3
1456,6
1457,7
1457,4
1458,12
1458,4
1458,1
1459,1
1460,2
1460,9
1460,7
1461,1
1461,3
1462,5
1462,1
1463,11
1464,4
1464,1
1464,5
1465,2
1465,7
1465,11
1466,12
1467,2
1467,12
1468,9
1469,12
1469,7
1469,1
1470,12
1471,10
1471,3
1471,2
1472,10
1472,7
1472,4
1473,5
1473,6
1473,7
1474,12
1474,1
1474,5
1475,8
1475,4
1476,5
1477,10
1477,8
1477,7
1478,7
1478,2
1479,7
1480,5
1480,8
1480,12
1481,9
1481,12
1481,4
1482,1
1482,8
1483,7
1483,6
1483,9
1484,2
1484,8
1484,4
1485,1
1485,7
1485,4
1486,6
1486,8
1487,2
1487,11
1487,5
1488,3
1488,11
1489,2
1490,3
1490,4
1490,8
1491,4
1491,2
1491,3
1492,10
1492,8
1493,12
1493,10
1493,4
1494,8
1495,7
1495,5
1496,6
1496,3
1496,1
1497,12
1497,10
1498,7
1498,1
1498,5
1499,4
1499,9
1499,8
1500,8
1500,6
1500,4
1501,8
1501,12
1502,9
1502,2
1502,11
1503,12
1503,2
1504,3
1504,1
1505,9
1506,2
1506,3
1506,4
1507,2
1507,1
1508,8
1508,3
1509,9
1509,8
1509,3
1510,9
1510,7
1510,11
1511,5
1512,7
1513,12
1513,11
1514,9
1514,6
1515,6
1515,10
1515,3
1516,5
1517,11
1517,4
1517,10
1518,6
1518,9
1518,10
1519,8
1519,12
1520,6
1521,12
1521,3
1521,11
1522,12
1522,8
1522,1
1523,7
1523,3
1524,8
1525,1
1526,12
1526,4
1527,12
1528,9
1529,6
1529,2
1530,10
1531,10
1531,3
1532,6
1533,9
1533,4
1533,6
1534,1
1534,4
1534,5
1535,7
1535,10
1536,5
1536,6
1536,10
1537,5
1537,9
1538,11
1538,12
1538,4
1539,10
1540,2
1541,4
1541,5
1541,3
1542,10
1542,2
1543,9
1544,11
1544,7
1544,6
1545,10
1545,12
1545,5
1546,10
1546,11
1546,8
1547,3
1548,4
1549,2
1550,3
1550,12
1550,11
1551,1
1551,6
1552,1
1553,9
1554,7
1554,11
1555,6
1555,5
1556,2
1556,4
1556,9
1557,7
1557,12
1558,8
1558,6
1558,5
1559,6
1559,9
1559,2
1560,4
1560,3
1560,5
1561,3
1561,7
1561,9
1562,8
1562,5
1563,2
1563,9
1563,7
1564,6
1564,3
1564,1
1565,8
1565,11
1566,12
1566,7
1567,10
1568,4
1568,7
1568,6
1569,12
1570,4
1571,6
1571,9
1572,1
1573,5
1573,6
1573,2
1574,5
1574,9
1575,10
1576,1
1576,11
1577,11
1577,8
1578,1
1578,5
1579,11
1579,1
1580,1
1580,8
1580,10
1581,8
1581,12
1581,3
1582,12
1582,11
1583,2
1583,1
1583,6
1584,10
1585,3
1585,12
1585,11
1586,7
1587,1
1588,11
1588,1
1589,2
1589,9
1590,4
1590,11
1591,12
1591,1
1591,6
1592,6
1592,3
1592,10
1593,6
1593,9
1593,1
1594,7
1594,12
1594,1
1595,4
1596,3
1596,5
1596,2
1597,8
1598,5
1599,4
1599,9
1599,7
1600,11
1601,1
1601,5
1601,11
1602,6
1602,2
1602,12
1603,10
1603,2
1604,8
1604,2
1604,11
1605,3
1606,2
1606,3
1606,6
1607,11
1607,1
1607,3
1608,4
1609,6
1609,8
1609,2
1610,4
1610,5
1610,12
1611,12
1611,3
1611,5
1612,7
1613,5
1613,3
1613,12
1614,10
1615,7
1615,4
1616,5
1617,3
1618,5
1618,8
1619,2
1619,8
1620,10
1620,6
1621,11
1621,9
1622,11
1622,12
1623,1
1624,7
1624,3
1624,9
1625,4
1625,7
1625,6
1626,11
1626,5
1626,4
1627,12
1627,9
1628,12
1628,5
1628,2
1629,4
1629,5
1629,12
1630,5
1630,1
1631,9
1632,11
1632,3
1632,8
1633,8
1634,6
1634,12
1634,10
1635,11
1635,10
1636,6
1637,2
1637,11
1637,6
1638,3
1639,8
1639,6
1640,11
1640,2
1641,6
1642,3
1642,8
1643,3
1643,1
1643,8
1644,8
1644,10
1644,11
1645,7
1645,12
1645,8
1646,5
1647,6
1647,10
1647,12
1648,11
1648,7
1649,1
1649,4
1650,2
1650,7
1650,11
1651,10
1651,7
1652,1
1652,3
1652,9
1653,5
1654,12
1654,9
1654,4
1655,3
1655,12
1655,6
1656,2
1657,3
1657,6
1658,7
1658,3
1659,1
1659,11
1660,4
1661,5
1662,2
1662,3
1663,4
1664,2
1664,4
1665,11
1666,6
1666,1
1666,8
1667,6
1668,8
1669,11
1669,7
1669,4
1670,11
1670,7
1671,12
1671,4
1672,7
1673,6
1674,7
1675,5
1675,11
1676,7
1676,10
1676,12
1677,2
1677,6
1677,8
1678,12
1678,10
1678,1
1679,10
1680,4
1681,6
1681,12
1682,1
1682,10
1682,11
1683,2
1683,11
1684,3
1685,4
1685,1
1686,5
1687,2
1687,6
1688,11
1688,3
1689,3
1689,5
1690,7
1690,11
1691,1
1691,5
1692,3
1692,12
1693,11
1693,9
1694,8
1695,6
1696,12
1696,2
1696,7
1697,3
1698,3
1698,10
1699,7
1699,11
1699,8
1700,8
1701,11
1701,7
1701,12
1702,5
1703,5
1703,11
1704,10
1705,9
1705,6
1706,12
1706,6
1707,6
1707,2
1707,3
1708,9
1708,7
1709,2
1709,3
1709,1
1710,12
1710,10
1711,4
1711,9
1712,12
1712,8
1712,7
1713,8
1714,1
1714,2
1715,8
1715,6
1716,10
1717,6
1717,5
1717,7
1718,11
1718,5
1719,9
1720,3
1720,5
1721,7
1721,1
1722,6
1722,5
1723,1
1723,10
1723,2
1724,12
1724,1
1725,12
1725,7
1725,4
1726,2
1727,2
1727,3
1727,11
1728,8
1728,7
1728,5
1729,8
1729,10
1730,12
1731,10
1731,8
1731,1
1732,6
1733,1
1733,3
1734,12
1734,11
1734,2
1735,9
1735,2
1736,11
1736,5
1737,7
1737,1
1738,12
1739,12
1739,11
1740,2
1740,7
1740,12
1741,10
1742,5
1742,10
1743,9
1743,4
1743,1
1744,10
1744,8
1745,7
1746,12
1746,3
1747,9
1747,11
1748,10
1749,3
1749,11
1750,5
1750,1
1751,4
1751,1
1752,11
1752,3
1753,5
1753,8
1754,11
1754,6
1754,2
1755,4
1756,12
1757,4
1757,2
1758,5
1758,10
1758,8
1759,7
1759,11
1759,10
1760,9
1760,7
1761,9
1761,1
1762,6
1762,12
1763,8
1763,3
1764,12
1764,8
1765,9
1766,3
1766,11
1766,7
1767,7
1767,1
1768,10
1768,2
1768,8
1769,6
1769,2
1769,4
1770,9
1770,6
1770,5
1771,6
1771,8
1772,8
1772,1
1772,3
1773,10
1773,3
1773,12
1774,10
1774,7
1775,1
1775,5
1776,12
1776,8
1776,4
1777,9
1777,3
1778,10
1778,2
1779,7
1780,4
1781,10
1782,3
1782,12
1783,7
1783,9
1783,12
1784,4
1784,7
1785,5
1785,6
1785,11
1786,2
1786,11
1786,6
1787,9
1787,12
1787,7
1788,7
1789,8
1789,5
1790,3
1790,12
1791,5
1791,1
1792,6
1792,8
1792,3
1793,2
1793,7
1793,10
1794,7
1794,12
1794,11
1795,11
1796,10
1797,3
1798,10
1798,9
1798,2
1799,10
1799,7
1799,1
1800,10
1800,4
1801,10
1802,8
1802,11
1802,2
1803,1
1803,10
1804,7
1804,9
1804,11
1805,3
1806,6
1806,4
1807,8
1808,4
1808,6
1808,3
1809,2
1809,1
1810,10
1811,8
1811,4
1812,10
1812,8
1812,4
1813,8
1814,11
1814,2
1814,10
1815,3
1815,4
1816,12
1816,2
1817,12
1818,11
1819,7
1819,9
1819,8
1820,2
1820,7
1821,12
1821,9
1822,12
1823,11
1823,9
1823,1
1824,8
1824,1
1825,7
1825,1
1826,7
1826,9
1827,11
1827,8
1827,7
1828,2
1829,5
1830,2
1830,3
1830,6
1831,11
1831,6
1832,4
1833,4
1833,5
1834,6
1835,12
1835,2
1835,8
1836,8
1836,4
1836,5
1837,5
1837,8
1838,8
1838,5
1839,5
1839,10
1839,1
1840,3
1841,5
1841,1
1841,4
1842,10
1842,6
1843,5
1843,12
1843,3
1844,11
1844,5
1844,8
1845,8
1845,11
1845,5
1846,12
1847,3
1847,12
1847,10
1848,7
1848,5
1849,4
1849,1
1849,12
1850,5
1850,3
1850,10
1851,5
1852,12
1852,9
1853,9
1853,7
1853,8
1854,3
1854,6
1854,12
1855,9
1855,6
1855,12
1856,7
1856,8
1857,3
1857,9
1857,8
1858,8
1859,1
1859,11
1860,6
1861,5
1862,4
1863,5
1864,12
1864,2
1864,4
1865,8
1865,12
1866,11
1866,1
1866,9
1867,12
1868,6
1869,1
1869,7
1869,2
1870,9
1870,2
1871,9
1871,12
1872,9
1872,2
1872,1
1873,10
1873,9
1874,4
1875,12
1875,3
1876,11
1876,4
1876,12
1877,12
1877,8
1877,3
1878,10
1879,9
1879,5
1880,12
1881,12
1882,3
1883,5
1883,1
1883,4
1884,4
1885,10
1885,8
1885,11
1886,9
1887,6
1888,2
1888,4
1888,8
1889,8
1890,8
1891,2
1892,10
1892,4
1892,12
1893,5
1893,10
1894,10
1895,2
1895,8
1896,4
1896,10
1896,11
1897,1
1897,5
1898,10
1898,5
1899,11
1899,3
1900,9
1900,8
1901,5
1901,11
1901,12
1902,9
1902,4
1903,5
1903,11
1904,9
1904,5
1904,8
1905,3
1906,1
1906,6
1907,8
1907,12
1907,3
1908,2
1909,11
1909,5
1910,8
1911,11
1911,12
1912,3
1912,4
1912,2
1913,4
1914,9
1914,5
1915,9
1915,8
1916,11
1917,10
1917,4
1918,11
1918,3
1918,6
1919,4
1920,3
1920,12
1921,11
1921,3
1921,6
1922,8
1922,11
1922,10
1923,12
1923,5
1924,5
1925,5
1925,6
1926,5
1927,12
1927,6
1928,6
1928,8
1928,5
1929,10
1929,7
1930,1
1930,7
1931,7
1932,11
1932,3
1933,5
1933,1
1934,4
1934,12
1934,5
1935,6
1935,1
1936,7
1936,12
1937,9
1937,12
1938,4
1938,12
1938,10
1939,8
1939,5
1939,2
1940,4
1941,6
1942,8
1942,10
1942,12
1943,11
1944,12
1944,8
1945,5
1946,10
1946,7
1946,1
1947,1
1948,6
1948,5
1948,9
1949,8
1949,5
1950,8
1951,12
1952,6
1953,7
1953,3
1953,11
1954,5
1954,10
1954,4
1955,2
1955,8
1955,4
1956,10
1956,9
1957,5
1957,9
1957,11
1958,12
1958,1
1959,2
1960,12
1960,6
1960,11
1961,12
1961,4
1962,6
1963,4
1963,8
1964,6
1964,4
1965,12
1965,5
1965,11
1966,12
1966,1
1966,3
1967,11
1968,7
1968,12
1969,1
1969,9
1970,9
1971,1
1971,10
1972,1
1972,9
1973,9
1973,8
1974,10
1974,6
1975,2
1975,12
1975,10
1976,9
1977,9
1978,9
1979,10
1980,10
1980,11
1981,2
1982,7
1982,5
1982,8
1983,12
1983,3
1984,6
1984,2
1984,3
1985,10
1985,6
1985,8
1986,12
1986,7
1986,1
1987,10
1987,5
1988,10
1989,1
1989,12
1990,6
1991,3
1991,5
1992,10
1993,6
1993,9
1993,8
1994,11
1994,4
1994,10
1995,12
1995,10
1996,4
1997,4
1998,3
1998,2
1999,9
2000,1
2000,3
2000,9
